id,nombre,pais,contacto
1,Sudamericana,Argentina,contacto@sudamericana.com.ar
2,Editorial Planeta,Argentina,info@planeta.com.ar
3,Penguin Random House,Argentina,ventas@penguinrandomhouse.com
4,Siglo XXI Editores,Argentina,editorial@sigloxxieditores.com.ar
5,Fondo de Cultura Economica,Mexico,fce@fce.com.ar
6,Editorial Anagrama,Espana,info@anagrama-ed.es
7,Tusquets Editores,Espana,contacto@tusquets.es
8,Alianza Editorial,Espana,consultas@alianzaeditorial.es
9,Editorial Paidos,Argentina,info@paidos.com.ar
10,Eudeba,Argentina,ventas@eudeba.com.ar
11,Ediciones UGR,Argentina,editorial@ugr.edu.ar
