id,nombre,descripcion
1,Novela,Obras narrativas de ficción en prosa
2,Cuento y Relato,Antologías y recopilaciones de relatos breves
3,Ensayo,Textos reflexivos y argumentativos
4,Ciencia Ficción,Narrativa de anticipación científica y tecnológica
5,Historia,Estudios históricos y crónicas documentales
6,Filosofía,Tratados sobre pensamiento y epistemología
7,Autoayuda y Superación,Desarrollo personal y productividad
8,Infantil y Juvenil,Literatura orientada a niños y jóvenes
9,Poesía,Lírica y versos clásicos y contemporáneos
10,Tecnología y Ciencia,Computación programación y divulgación científica
11,Divulgación Científica,Libros accesibles sobre ciencia y sociedad
